"id","title","description","link","image_link","availability","price","sale_price","condition","brand","gtin","mpn","identifier_exists","product_type","custom_label_0"
"briquettes-chene-pini-kay-palette-960-kg","Pini Kay Eichenholzbriketts · Palette 960 kg (96 × 10 kg)","Dichter Holz-Brennstoff für geeignete Öfen, Kamine und Heizgeräte. Praktisch verpackt für Lagerung und Transport. Palette 960 kg – 96 Pakete à 10 kg Hohe Brennstoffdichte Praktisch auf Palette verpackt Für geeignete Öfen und Kamine","https://amholzbrennstoffeug.de/produit/briquettes-chene-pini-kay-palette-960-kg","https://amholzbrennstoffeug.de/briquette/pini.jpg","in_stock","209.30 EUR","","new","Holzbrennstoffe","","","no","Brennstoffe > Holzbriketts","OB-PINI-OAK-960"
"briquettes-bois-ruf-palette-960-kg","RUF Holzbriketts · Palette 960 kg (96 × 10 kg)","Dichter Holz-Brennstoff für geeignete Öfen, Kamine und Heizgeräte. Praktisch verpackt für Lagerung und Transport. Palette 960 kg – 96 Pakete à 10 kg Hohe Brennstoffdichte Praktisch auf Palette verpackt Für geeignete Öfen und Kamine","https://amholzbrennstoffeug.de/produit/briquettes-bois-ruf-palette-960-kg","https://amholzbrennstoffeug.de/briquette/ruch.jpg","in_stock","210.70 EUR","","new","Holzbrennstoffe","","","no","Brennstoffe > Holzbriketts","OB-RUF-960"
"briquettes-nestro-hetre-chene-palette-960-kg","Nestro Buchen-Eichenbriketts · Palette 960 kg (96 × 10 kg)","Dichter Holz-Brennstoff für geeignete Öfen, Kamine und Heizgeräte. Praktisch verpackt für Lagerung und Transport. Palette 960 kg – 96 Pakete à 10 kg Hohe Brennstoffdichte Praktisch auf Palette verpackt Für geeignete Öfen und Kamine","https://amholzbrennstoffeug.de/produit/briquettes-nestro-hetre-chene-palette-960-kg","https://amholzbrennstoffeug.de/briquette/hetre.jpg","in_stock","221.90 EUR","","new","Holzbrennstoffe","","","no","Brennstoffe > Holzbriketts","OB-NESTRO-960"
"briquettes-nuit-ecorce-palette-960-kg","Rindenbriketts für die Nacht · Palette 960 kg (48 × 20 kg)","Dichter Holz-Brennstoff für geeignete Öfen, Kamine und Heizgeräte. Praktisch verpackt für Lagerung und Transport. Palette 960 kg – 48 Kartons à 20 kg Hohe Brennstoffdichte Praktisch auf Palette verpackt Für geeignete Öfen und Kamine","https://amholzbrennstoffeug.de/produit/briquettes-nuit-ecorce-palette-960-kg","https://amholzbrennstoffeug.de/briquette/briquette.jpg","in_stock","242.20 EUR","","new","Holzbrennstoffe","","","no","Brennstoffe > Holzbriketts","OB-BARK-NIGHT-960"
"granules-bois-enplus-a1-6-mm-palette-990-kg","ENplus A1 Holzpellets 6 mm · Palette 990 kg (66 × 15 kg)","Hochwertiger fester Brennstoff für geeignete Pelletöfen und Heizungen. Die Lieferung erfolgt sicher verpackt auf Palette. Palette 990 kg – 66 Säcke à 15 kg Praktische Palettenverpackung Für geeignete Pelletöfen und Heizungen Trocken und geschützt verpackt","https://amholzbrennstoffeug.de/produit/granules-bois-enplus-a1-6-mm-palette-990-kg","https://amholzbrennstoffeug.de/imgproducts/secondary-2.jpg","in_stock","251.30 EUR","","new","Holzbrennstoffe","","","no","Brennstoffe > Holzpellets","OB-PEL-A1-990"
"granules-premium-resineux-6-mm-palette-990-kg","Premium-Nadelholzpellets 6 mm · Palette 990 kg (66 × 15 kg)","Hochwertiger fester Brennstoff für geeignete Pelletöfen und Heizungen. Die Lieferung erfolgt sicher verpackt auf Palette. Palette 990 kg – 66 Säcke à 15 kg Praktische Palettenverpackung Für geeignete Pelletöfen und Heizungen Trocken und geschützt verpackt","https://amholzbrennstoffeug.de/produit/granules-premium-resineux-6-mm-palette-990-kg","https://amholzbrennstoffeug.de/imgproducts/secondary-2%20(1).jpg","in_stock","258.30 EUR","","new","Holzbrennstoffe","","","no","Brennstoffe > Holzpellets","OB-PREMIUM-990"
"granules-bois-economiques-6-mm-palette-990-kg","Holzpellets 6 mm · Palette 990 kg (66 × 15 kg)","Hochwertiger fester Brennstoff für geeignete Pelletöfen und Heizungen. Die Lieferung erfolgt sicher verpackt auf Palette. Palette 990 kg – 66 Säcke à 15 kg Praktische Palettenverpackung Für geeignete Pelletöfen und Heizungen Trocken und geschützt verpackt","https://amholzbrennstoffeug.de/produit/granules-bois-economiques-6-mm-palette-990-kg","https://amholzbrennstoffeug.de/imgproducts/final-20260902-v2-secondary.jpg","in_stock","202.30 EUR","","new","Holzbrennstoffe","","","no","Brennstoffe > Holzpellets","OB-ECO-990"
"heizfuxx-red-enplus-a1-granules-bois-dur-6-mm-975-kg","Heizfuxx Red ENplus A1 Hartholzpellets 6 mm · Palette 975 kg","Hochwertiger fester Brennstoff für geeignete Pelletöfen und Heizungen. Die Lieferung erfolgt sicher verpackt auf Palette. Palette 975 kg – 65 Säcke à 15 kg Praktische Palettenverpackung Für geeignete Pelletöfen und Heizungen Trocken und geschützt verpackt","https://amholzbrennstoffeug.de/produit/heizfuxx-red-enplus-a1-granules-bois-dur-6-mm-975-kg","https://pelletwerk.com/assets/uploads/products/9/final-20260902-v2-primary.webp","in_stock","258.30 EUR","","new","Heizfuxx","","","no","Brennstoffe > Holzpellets","HEIZFUXX-RED-975"
"heizfuxx-blue-enplus-a1-granules-bois-6-mm-975-kg","Heizfuxx Blue ENplus A1 Holzpellets 6 mm · Palette 975 kg","Hochwertiger fester Brennstoff für geeignete Pelletöfen und Heizungen. Die Lieferung erfolgt sicher verpackt auf Palette. Palette 975 kg – 65 Säcke à 15 kg Praktische Palettenverpackung Für geeignete Pelletöfen und Heizungen Trocken und geschützt verpackt","https://amholzbrennstoffeug.de/produit/heizfuxx-blue-enplus-a1-granules-bois-6-mm-975-kg","https://pelletwerk.com/assets/uploads/products/10/final-20260902-v2-primary.webp","in_stock","244.30 EUR","","new","Heizfuxx","","","no","Brennstoffe > Holzpellets","HEIZFUXX-BLUE-975"
"granules-resineux-heizfuxx-gold-hd-enplus-a1-6-mm-975-kg","Heizfuxx Gold HD ENplus A1 Nadelholzpellets 6 mm · Palette 975 kg","Hochwertiger fester Brennstoff für geeignete Pelletöfen und Heizungen. Die Lieferung erfolgt sicher verpackt auf Palette. Palette 975 kg – 65 Säcke à 15 kg Praktische Palettenverpackung Für geeignete Pelletöfen und Heizungen Trocken und geschützt verpackt","https://amholzbrennstoffeug.de/produit/granules-resineux-heizfuxx-gold-hd-enplus-a1-6-mm-975-kg","https://pelletwerk.com/assets/uploads/products/17/final-20260902-v2-primary.webp","in_stock","265.30 EUR","","new","HEIZFUXX","","","no","Brennstoffe > Holzpellets","HEIZFUXX-GOLD-HD-975"
"granules-bois-la-flamme-limousine-palette-1050-kg","La Flamme Limousine Holzpellets · Palette 1.050 kg","Hochwertiger fester Brennstoff für geeignete Pelletöfen und Heizungen. Die Lieferung erfolgt sicher verpackt auf Palette. Palette mit 70 Säcken à 15 kg Praktische Palettenverpackung Für geeignete Pelletöfen und Heizungen Trocken und geschützt verpackt","https://amholzbrennstoffeug.de/produit/granules-bois-la-flamme-limousine-palette-1050-kg","https://amholzbrennstoffeug.de/imgproducts/VISUELS-PRODUITS-2.webp","in_stock","337.40 EUR","","new","La Flamme Limousine","","","no","Brennstoffe > Holzpellets","OB-FLAMME-LIMOUSINE-1050"
"briquettes-lignite-rekord-palette-900-kg","REKORD Braunkohlebriketts · Palette 900 kg (90 × 10 kg)","Fester Brennstoff für geeignete Kohleöfen und Heizgeräte. Lieferung auf Palette in transportgerechter Verpackung. Palette 900 kg – 90 Folienpakete à 10 kg Gleichmäßige Wärmeabgabe Praktische Palettenverpackung Für geeignete Kohleheizungen","https://amholzbrennstoffeug.de/produit/briquettes-lignite-rekord-palette-900-kg","https://amholzbrennstoffeug.de/charbon/charbon%20v1.jpg","in_stock","279.30 EUR","","new","REKORD","","","no","Brennstoffe > Kohle und Braunkohle","REKORD-LIGNITE-900"
"houille-calibree-premium-5-25-mm-27-29-mj-1000-kg","Premium-Steinkohle 5–25 mm, 27–29 MJ/kg · Palette 1.000 kg","Fester Brennstoff für geeignete Kohleöfen und Heizgeräte. Lieferung auf Palette in transportgerechter Verpackung. Palette 1.000 kg – 50 Säcke à 20 kg Gleichmäßige Wärmeabgabe Praktische Palettenverpackung Für geeignete Kohleheizungen","https://amholzbrennstoffeug.de/produit/houille-calibree-premium-5-25-mm-27-29-mj-1000-kg","https://amholzbrennstoffeug.de/charbon/charbon%20v2.jpg","in_stock","308.00 EUR","","new","Holzbrennstoffe","","","no","Brennstoffe > Kohle und Braunkohle","OB-COAL-PREM-1000"
"houille-calibree-standard-8-25-mm-25-27-mj-1000-kg","Steinkohle Standard 8–25 mm, 25–27 MJ/kg · Palette 1.000 kg","Fester Brennstoff für geeignete Kohleöfen und Heizgeräte. Lieferung auf Palette in transportgerechter Verpackung. Palette 1.000 kg – 50 Säcke à 20 kg Gleichmäßige Wärmeabgabe Praktische Palettenverpackung Für geeignete Kohleheizungen","https://amholzbrennstoffeug.de/produit/houille-calibree-standard-8-25-mm-25-27-mj-1000-kg","https://amholzbrennstoffeug.de/charbon/charbon%20v4.jpg","in_stock","221.90 EUR","","new","Holzbrennstoffe","","","no","Brennstoffe > Kohle und Braunkohle","OB-COAL-STD-1000"
"houille-calibre-noix-25-80-mm-26-28-mj-1000-kg","Steinkohle Nuss 25–80 mm, 26–28 MJ/kg · Palette 1.000 kg","Fester Brennstoff für geeignete Kohleöfen und Heizgeräte. Lieferung auf Palette in transportgerechter Verpackung. Palette 1.000 kg – 50 Säcke à 20 kg Gleichmäßige Wärmeabgabe Praktische Palettenverpackung Für geeignete Kohleheizungen","https://amholzbrennstoffeug.de/produit/houille-calibre-noix-25-80-mm-26-28-mj-1000-kg","https://amholzbrennstoffeug.de/charbon/charbon%20v3.jpg","in_stock","268.80 EUR","","new","Holzbrennstoffe","","","no","Brennstoffe > Kohle und Braunkohle","OB-COAL-NUT-1000"
"bois-chauffage-hetre-sec-25-cm-palette","Trockenes Buchen-Brennholz 25 cm · Palette","Brennholz für geeignete Öfen, Kamine und Feuerstellen. Lieferung in einer transportgerechten Palettenverpackung. 1 Raummeter gestapelt, ca. 1,4–1,6 m³ lose Geeignet für Öfen und Kamine Praktisch auf Palette geliefert Sicher für Lagerung und Transport verpackt","https://amholzbrennstoffeug.de/produit/bois-chauffage-hetre-sec-25-cm-palette","https://amholzbrennstoffeug.de/bois%20de%20chauffage/primary-1%20(2).jpg","in_stock","139.30 EUR","","new","Holzbrennstoffe","","","no","Brennstoffe > Brennholz","OB-BEECH-1RM"
"bois-chauffage-chene-sec-25-cm-palette","Trockenes Eichen-Brennholz 25 cm · Palette","Brennholz für geeignete Öfen, Kamine und Feuerstellen. Lieferung in einer transportgerechten Palettenverpackung. 1 Raummeter gestapelt, ca. 1,4–1,6 m³ lose Geeignet für Öfen und Kamine Praktisch auf Palette geliefert Sicher für Lagerung und Transport verpackt","https://amholzbrennstoffeug.de/produit/bois-chauffage-chene-sec-25-cm-palette","https://amholzbrennstoffeug.de/bois%20de%20chauffage/primary-1%20(3).jpg","in_stock","144.90 EUR","","new","Holzbrennstoffe","","","no","Brennstoffe > Brennholz","OB-OAK-1RM"
"bois-chauffage-bouleau-sec-25-cm-palette","Trockenes Birken-Brennholz 25 cm · Palette","Brennholz für geeignete Öfen, Kamine und Feuerstellen. Lieferung in einer transportgerechten Palettenverpackung. 1 Raummeter gestapelt, ca. 1,5 m³ lose Geeignet für Öfen und Kamine Praktisch auf Palette geliefert Sicher für Lagerung und Transport verpackt","https://amholzbrennstoffeug.de/produit/bois-chauffage-bouleau-sec-25-cm-palette","https://amholzbrennstoffeug.de/bois%20de%20chauffage/secondary-2%20(2).jpg","in_stock","147.70 EUR","","new","Holzbrennstoffe","","","no","Brennstoffe > Brennholz","OB-BIRCH-1RM"
"allume-feu-laine-bois-cire-100-pieces","Ökologische Anzündhilfe aus Holzwolle und Wachs · 100 Stück","Praktische Anzündhilfe für geeignete Feuerstellen, Kamine und Öfen. Karton mit 100 Stück Einfach zu dosieren Praktische Verpackung Für geeignete Feuerstellen","https://amholzbrennstoffeug.de/produit/allume-feu-laine-bois-cire-100-pieces","https://amholzbrennstoffeug.de/imgproducts/primary-1%20(4).webp","in_stock","8.40 EUR","","new","PELLETWERK","","","no","Brennstoffe > Anzündhilfen","PW-WOOL-FIRE-100"
"cubes-allume-feu-papier-cire-1000-pieces","Natürliche Anzündwürfel aus Papier und Wachs · 1.000 Stück","Praktische Anzündhilfe für geeignete Feuerstellen, Kamine und Öfen. Karton mit 1.000 Würfeln Einfach zu dosieren Praktische Verpackung Für geeignete Feuerstellen","https://amholzbrennstoffeug.de/produit/cubes-allume-feu-papier-cire-1000-pieces","https://amholzbrennstoffeug.de/imgproducts/primary-1%20(5).webp","in_stock","45.43 EUR","","new","PELLETWERK","","","no","Brennstoffe > Anzündhilfen","PW-WAX-CUBES-1000"
"petit-bois-resineux-seche-25-cm-100-kg","Getrocknetes Nadelholz-Anzündholz 25 cm · 100 kg","Praktische Anzündhilfe für geeignete Feuerstellen, Kamine und Öfen. 10 Kartons × 10 kg Einfach zu dosieren Praktische Verpackung Für geeignete Feuerstellen","https://amholzbrennstoffeug.de/produit/petit-bois-resineux-seche-25-cm-100-kg","https://amholzbrennstoffeug.de/imgproducts/primary-1%20(6).webp","in_stock","102.20 EUR","","new","PELLETWERK","","","no","Brennstoffe > Anzündhilfen","PW-KINDLING-100"
"bois-chauffage-molinario-sec-50-cm-palette-162-stere","Molinario Brennholz trocken 50 cm · Palette 2 m³","Brennholz für geeignete Öfen, Kamine und Feuerstellen. Lieferung in einer transportgerechten Palettenverpackung. Palette 2 m³ – 1,62 Raummeter Geeignet für Öfen und Kamine Praktisch auf Palette geliefert Sicher für Lagerung und Transport verpackt","https://amholzbrennstoffeug.de/produit/bois-chauffage-molinario-sec-50-cm-palette-162-stere","https://amholzbrennstoffeug.de/bois%20de%20chauffage/Bois%20de%20chauffage%20V1.jpg","in_stock","226.80 EUR","","new","Molinario","","","no","Brennstoffe > Brennholz","OB-MOLINARIO-50-162"
"bois-chauffage-molinario-sec-33-cm-palette-2-steres","Molinario Brennholz trocken 33 cm · Palette 2 m³","Brennholz für geeignete Öfen, Kamine und Feuerstellen. Lieferung in einer transportgerechten Palettenverpackung. Palette 2 m³ – 2 Raummeter Geeignet für Öfen und Kamine Praktisch auf Palette geliefert Sicher für Lagerung und Transport verpackt","https://amholzbrennstoffeug.de/produit/bois-chauffage-molinario-sec-33-cm-palette-2-steres","https://amholzbrennstoffeug.de/bois%20de%20chauffage/Bois%20de%20chauffage%20V2.jpg","in_stock","233.80 EUR","","new","Molinario","","","no","Brennstoffe > Brennholz","OB-MOLINARIO-33-200"
"bois-chauffage-molinario-25-cm-palette-24-steres","Molinario Brennholz 25 cm · Palette 2 m³","Brennholz für geeignete Öfen, Kamine und Feuerstellen. Lieferung in einer transportgerechten Palettenverpackung. Palette 2 m³ – 2,4 Raummeter Geeignet für Öfen und Kamine Praktisch auf Palette geliefert Sicher für Lagerung und Transport verpackt","https://amholzbrennstoffeug.de/produit/bois-chauffage-molinario-25-cm-palette-24-steres","https://amholzbrennstoffeug.de/bois%20de%20chauffage/Bois%20de%20chauffage%20V3.jpg","in_stock","254.80 EUR","","new","Molinario","","","no","Brennstoffe > Brennholz","OB-MOLINARIO-25-240"
"bois-chauffage-etuve-25-cm-250-steres-feuillus-durs","Ofengetrocknetes Brennholz 25 cm · Palette 2,5 Raummeter","Brennholz für geeignete Öfen, Kamine und Feuerstellen. Lieferung in einer transportgerechten Palettenverpackung. Scheitholz in Holzkiste · Palette 2,5 Raummeter Geeignet für Öfen und Kamine Praktisch auf Palette geliefert Sicher für Lagerung und Transport verpackt","https://amholzbrennstoffeug.de/produit/bois-chauffage-etuve-25-cm-250-steres-feuillus-durs","https://amholzbrennstoffeug.de/bois%20de%20chauffage/simplyfeu-bois-25cm-250-stere.jpg","in_stock","254.10 EUR","","new","SimplyFeu","","","no","Brennstoffe > Brennholz","OB-SIMPLYFEU-25-250"
"bois-chauffage-premium-etuve-40-cm-palette-12-stere","Premium Brennholz, ofengetrocknet 40 cm · Palette 1,2 Raummeter","Brennholz für geeignete Öfen, Kamine und Feuerstellen. Lieferung in einer transportgerechten Palettenverpackung. Folierte Palette · 1,2 Raummeter Geeignet für Öfen und Kamine Praktisch auf Palette geliefert Sicher für Lagerung und Transport verpackt","https://amholzbrennstoffeug.de/produit/bois-chauffage-premium-etuve-40-cm-palette-12-stere","https://amholzbrennstoffeug.de/bois%20de%20chauffage/simplyfeu-bois-40cm-120-stere.jpg","in_stock","140.70 EUR","","new","SimplyFeu","","","no","Brennstoffe > Brennholz","OB-SIMPLYFEU-40-120"
"bois-cuisson-chauffage-etuve-50-cm-palette-2-steres","Ofengetrocknetes Holz für Heizung und Pizzaofen 50 cm · Palette","Brennholz für geeignete Öfen, Kamine und Feuerstellen. Lieferung in einer transportgerechten Palettenverpackung. Holzkiste auf Palette · 2 Raummeter Geeignet für Öfen und Kamine Praktisch auf Palette geliefert Sicher für Lagerung und Transport verpackt","https://amholzbrennstoffeug.de/produit/bois-cuisson-chauffage-etuve-50-cm-palette-2-steres","https://amholzbrennstoffeug.de/bois%20de%20chauffage/simplyfeu-bois-cuisson-50cm-2-steres.jpg","in_stock","212.10 EUR","","new","SimplyFeu","","","no","Brennstoffe > Brennholz","OB-SIMPLYFEU-PIZZA-50-200"
"bois-chauffage-4-palettes-33-cm-chene-hetre-charme","4 Paletten Brennholz 33 cm · Eiche, Buche und Hainbuche","Brennholz für geeignete Öfen, Kamine und Feuerstellen. Lieferung in einer transportgerechten Palettenverpackung. 4 Paletten · 1,5 Raummeter pro Palette Geeignet für Öfen und Kamine Praktisch auf Palette geliefert Sicher für Lagerung und Transport verpackt","https://amholzbrennstoffeug.de/produit/bois-chauffage-4-palettes-33-cm-chene-hetre-charme","https://amholzbrennstoffeug.de/bois%20de%20chauffage/innovconsult-4-palettes-33cm.jpeg","in_stock","416.49 EUR","","new","Holzbrennstoffe","","","no","Brennstoffe > Brennholz","BCG10686"
"charbon-anthracite-100-a12-22mm-palette-1000-kg","Anthrazit 100 % A12–22 mm · Palette mit 1.000 kg","Fester Brennstoff für geeignete Kohleöfen und Heizgeräte. Lieferung auf Palette in transportgerechter Verpackung. Palette mit 40 Säcken × 25 kg Gleichmäßige Wärmeabgabe Praktische Palettenverpackung Für geeignete Kohleheizungen","https://amholzbrennstoffeug.de/produit/charbon-anthracite-100-a12-22mm-palette-1000-kg","https://amholzbrennstoffeug.de/charbon/innovconsult-anthracite-12-22mm.jpeg","in_stock","196.91 EUR","","new","Holzbrennstoffe","","","no","Brennstoffe > Kohle und Braunkohle","BCG10768"
"bois-chauffage-hetre-sec-30-cm-palette-3-steres","Trockenes Buchen-Brennholz 30 cm · Palette 3 Raummeter","Brennholz für geeignete Öfen, Kamine und Feuerstellen. Lieferung in einer transportgerechten Palettenverpackung. Einwegpalette mit 3 Raummetern Geeignet für Öfen und Kamine Praktisch auf Palette geliefert Sicher für Lagerung und Transport verpackt","https://amholzbrennstoffeug.de/produit/bois-chauffage-hetre-sec-30-cm-palette-3-steres","https://amholzbrennstoffeug.de/bois%20de%20chauffage/innovconsult-hetre-30cm-3-steres.png","in_stock","252.43 EUR","","new","Holzbrennstoffe","","","no","Brennstoffe > Brennholz","BCG10671"
"granules-pellini-enplus-a1-palette-990-kg","Pellini ENplus A1 Holzpellets · Palette 990 kg","Hochwertiger fester Brennstoff für geeignete Pelletöfen und Heizungen. Die Lieferung erfolgt sicher verpackt auf Palette. Einwegpalette mit 66 Säcken × 15 kg Praktische Palettenverpackung Für geeignete Pelletöfen und Heizungen Trocken und geschützt verpackt","https://amholzbrennstoffeug.de/produit/granules-pellini-enplus-a1-palette-990-kg","https://amholzbrennstoffeug.de/imgproducts/innovconsult-pellini-enplus-a1.jpg","in_stock","216.30 EUR","175.70 EUR","new","PELLINI","","","no","Brennstoffe > Holzpellets","BCG10698"
"bois-chauffage-hetre-sec-25-cm-palette-17-stere","Trockenes Buchen-Brennholz 25 cm · Palette 1,7 Raummeter","Brennholz für geeignete Öfen, Kamine und Feuerstellen. Lieferung in einer transportgerechten Palettenverpackung. Einwegpalette mit 1,7 Raummetern Geeignet für Öfen und Kamine Praktisch auf Palette geliefert Sicher für Lagerung und Transport verpackt","https://amholzbrennstoffeug.de/produit/bois-chauffage-hetre-sec-25-cm-palette-17-stere","https://amholzbrennstoffeug.de/bois%20de%20chauffage/innovconsult-hetre-25cm-17-stere.png","in_stock","168.29 EUR","","new","Holzbrennstoffe","","","no","Brennstoffe > Brennholz","BCG10676"
"bois-chauffage-hetre-sec-30-cm-sac-19-stere","Trockenes Buchen-Brennholz 30 cm · Holzsack 1,9 Raummeter","Brennholz für geeignete Öfen, Kamine und Feuerstellen. Lieferung in einer transportgerechten Palettenverpackung. Holzsack auf Palette · ca. 1,9 Raummeter Geeignet für Öfen und Kamine Praktisch auf Palette geliefert Sicher für Lagerung und Transport verpackt","https://amholzbrennstoffeug.de/produit/bois-chauffage-hetre-sec-30-cm-sac-19-stere","https://amholzbrennstoffeug.de/bois%20de%20chauffage/innovconsult-hetre-30cm-sac-19-stere.png","in_stock","188.87 EUR","","new","Holzbrennstoffe","","","no","Brennstoffe > Brennholz","BCG10675"
"bois-chauffage-wooday-50-cm-palette-2-m3","Wooday Brennholz 50 cm · Palette 2 m³","Brennholz für geeignete Öfen, Kamine und Feuerstellen. Lieferung in einer transportgerechten Palettenverpackung. Bündel auf Palette mit 2 m³ Geeignet für Öfen und Kamine Praktisch auf Palette geliefert Sicher für Lagerung und Transport verpackt","https://amholzbrennstoffeug.de/produit/bois-chauffage-wooday-50-cm-palette-2-m3","https://amholzbrennstoffeug.de/bois%20de%20chauffage/innovconsult-wooday-50cm-2m3.png","in_stock","118.30 EUR","","new","WOODAY","","","no","Brennstoffe > Brennholz","OB-WOODAY-50-200"
"bois-densifie-feuillus-resineux-palette-960-kg","Hartholz- und Nadelholzbriketts · Palette 960 kg","Dichter Holz-Brennstoff für geeignete Öfen, Kamine und Heizgeräte. Praktisch verpackt für Lagerung und Transport. Palette 960 kg Hohe Brennstoffdichte Praktisch auf Palette verpackt Für geeignete Öfen und Kamine","https://amholzbrennstoffeug.de/produit/bois-densifie-feuillus-resineux-palette-960-kg","https://amholzbrennstoffeug.de/briquette/innovconsult-bois-densifie-960kg.webp","in_stock","147.00 EUR","","new","Holzbrennstoffe","","","no","Brennstoffe > Holzbriketts","BCG10478"
"bois-densifie-buches-nuit-demi-palette-480-kg","Nachtbriketts · Halbpalette 480 kg","Dichter Holz-Brennstoff für geeignete Öfen, Kamine und Heizgeräte. Praktisch verpackt für Lagerung und Transport. Halbpalette 480 kg Hohe Brennstoffdichte Praktisch auf Palette verpackt Für geeignete Öfen und Kamine","https://amholzbrennstoffeug.de/produit/bois-densifie-buches-nuit-demi-palette-480-kg","https://amholzbrennstoffeug.de/briquette/innovconsult-buches-nuit-480kg.webp","in_stock","71.40 EUR","70.00 EUR","new","Holzbrennstoffe","","","no","Brennstoffe > Holzbriketts","BCG10474"
"bois-densifie-compresse-hetre-palette-960-kg","Buchenholzbriketts 100 % · Palette 960 kg","Dichter Holz-Brennstoff für geeignete Öfen, Kamine und Heizgeräte. Praktisch verpackt für Lagerung und Transport. Palette 960 kg · 96 Pakete mit je 4 Briketts Hohe Brennstoffdichte Praktisch auf Palette verpackt Für geeignete Öfen und Kamine","https://amholzbrennstoffeug.de/produit/bois-densifie-compresse-hetre-palette-960-kg","https://amholzbrennstoffeug.de/briquette/innovconsult-bois-densifie-hetre-960kg.jpeg","in_stock","255.50 EUR","","new","Holzbrennstoffe","","","no","Brennstoffe > Holzbriketts","BCG10822"
